<project name="SALES_TAXES" basedir="." default="main">

	<property name="version" value="1.0" />
	<property name="src.dir" value="src" />
	<property name="build.dir" value="build" />
	<property name="input.dir" value="input" />
	<property name="classes.dir" value="${build.dir}/classes" />
	<property name="jar.dir" value="${build.dir}/jar" />
	<property name="main-class" value="it.salestaxes.receipt.MainProcessor" />

	<property name="lib.dir" value="lib" />
	<path id="classpath">
		<fileset dir="${lib.dir}" includes="**/*.jar" />
	</path>

	<target name="clean">
		<delete dir="${build.dir}" />
	</target>

	<target name="compile">
		<mkdir dir="${build.dir}/log" />
		<mkdir dir="${classes.dir}" />
		<javac srcdir="${src.dir}" destdir="${classes.dir}" includeantruntime="true" classpathref="classpath" />
		<copy todir="${classes.dir}">
            <fileset dir="${src.dir}" excludes="**/*.java"/>
        </copy>
        <mkdir dir="${build.dir}/input" />
        <copy todir="${build.dir}/input">
            <fileset dir="${input.dir}"/>
        </copy>
	</target>

	<target name="jar" depends="compile">
		<mkdir dir="${jar.dir}" />
		<jar destfile="${jar.dir}/${ant.project.name}_${version}.jar" basedir="${classes.dir}">
			<manifest>
				<attribute name="Main-Class" value="${main-class}" />
			</manifest>
		</jar>
	</target>

	<target name="run" depends="jar">
		<java fork="true" classname="${main-class}">
			<classpath>
				<path refid="classpath" />
				<path location="${jar.dir}/${ant.project.name}_${version}.jar" />
			</classpath>
			<arg value="input/input01.xml"/>
			<arg value="input/input02.xml"/>
			<arg value="input/input03.xml"/>
		</java>
	</target>

	<target name="main" depends="clean, run" />

</project>